layer	phase	total	max_share	k16	k32	k48	k64	k96	k128
0	prefill	12288	0.1319	0.3963	0.5034	0.5819	0.6440	0.7409	0.8161
1	prefill	12288	0.0897	0.3697	0.4878	0.5732	0.6372	0.7349	0.8106
2	prefill	12288	0.1326	0.4862	0.6188	0.6973	0.7533	0.8378	0.8949
3	prefill	12288	0.1119	0.4900	0.6264	0.7109	0.7734	0.8620	0.9164
4	prefill	12288	0.0808	0.4910	0.6047	0.6817	0.7387	0.8252	0.8887
5	prefill	12288	0.0562	0.4342	0.5613	0.6447	0.7090	0.8036	0.8687
6	prefill	12288	0.0684	0.4899	0.6388	0.7176	0.7748	0.8589	0.9092
7	prefill	12288	0.1061	0.6484	0.7643	0.8246	0.8682	0.9197	0.9533
8	prefill	12288	0.0655	0.4890	0.6554	0.7427	0.8046	0.8810	0.9303
9	prefill	12288	0.0723	0.4218	0.5697	0.6743	0.7465	0.8473	0.9053
10	prefill	12288	0.0548	0.3620	0.5014	0.6007	0.6825	0.8022	0.8796
11	prefill	12288	0.0407	0.3780	0.5445	0.6500	0.7296	0.8350	0.9013
12	prefill	12288	0.0645	0.4020	0.5592	0.6591	0.7314	0.8306	0.8944
13	prefill	12288	0.0779	0.3369	0.4841	0.5776	0.6514	0.7703	0.8536
14	prefill	12288	0.0461	0.4255	0.5776	0.6771	0.7497	0.8511	0.9158
15	prefill	12288	0.1344	0.4466	0.5806	0.6737	0.7415	0.8356	0.8934
16	prefill	12288	0.0453	0.4019	0.5938	0.7074	0.7840	0.8885	0.9396
17	prefill	12288	0.0754	0.4240	0.5806	0.6897	0.7655	0.8590	0.9159
18	prefill	12288	0.0629	0.4840	0.6441	0.7404	0.8113	0.8949	0.9421
19	prefill	12288	0.0785	0.3262	0.4591	0.5499	0.6213	0.7285	0.8073
20	prefill	12288	0.0728	0.5094	0.6662	0.7629	0.8297	0.9039	0.9464
21	prefill	12288	0.0645	0.4686	0.6145	0.6957	0.7555	0.8401	0.8986
22	prefill	12288	0.0763	0.5100	0.6656	0.7460	0.7987	0.8733	0.9264
23	prefill	12288	0.1073	0.4565	0.5843	0.6691	0.7323	0.8194	0.8819
24	prefill	12288	0.0638	0.4884	0.6311	0.7222	0.7878	0.8766	0.9268
25	prefill	12288	0.1216	0.6172	0.7563	0.8223	0.8669	0.9233	0.9552
26	prefill	12288	0.0871	0.5267	0.6555	0.7317	0.7863	0.8672	0.9182
27	prefill	12288	0.0597	0.5236	0.6818	0.7509	0.7983	0.8646	0.9114
28	prefill	12288	0.0800	0.5517	0.6819	0.7561	0.8100	0.8840	0.9304
29	prefill	12288	0.1090	0.5492	0.6795	0.7537	0.8066	0.8731	0.9193
30	prefill	12288	0.0988	0.4957	0.6168	0.6959	0.7523	0.8368	0.8961
31	prefill	12288	0.0753	0.5875	0.7047	0.7722	0.8220	0.8907	0.9368
32	prefill	12288	0.0937	0.6049	0.7088	0.7689	0.8153	0.8808	0.9254
33	prefill	12288	0.1028	0.4954	0.6281	0.7148	0.7807	0.8722	0.9262
34	prefill	12288	0.0982	0.5532	0.6829	0.7511	0.8043	0.8758	0.9224
35	prefill	12288	0.1104	0.5950	0.7006	0.7699	0.8162	0.8840	0.9277
36	prefill	12288	0.1296	0.5113	0.6352	0.7191	0.7829	0.8691	0.9273
37	prefill	12288	0.1242	0.5575	0.6799	0.7517	0.8079	0.8851	0.9307
38	prefill	12288	0.1247	0.5838	0.7007	0.7678	0.8213	0.8927	0.9347
39	prefill	12288	0.1237	0.5562	0.6753	0.7516	0.8114	0.8875	0.9326
0	decode	1536	0.1458	0.4219	0.5592	0.6510	0.7181	0.8099	0.8828
1	decode	1536	0.0560	0.3587	0.5007	0.6094	0.6908	0.8014	0.8730
2	decode	1536	0.1100	0.5677	0.6992	0.7741	0.8307	0.9056	0.9505
3	decode	1536	0.0957	0.5384	0.6758	0.7650	0.8275	0.9062	0.9570
4	decode	1536	0.1263	0.5768	0.7096	0.7904	0.8483	0.9225	0.9655
5	decode	1536	0.0736	0.4661	0.6133	0.7148	0.7884	0.8828	0.9368
6	decode	1536	0.1003	0.6191	0.7747	0.8561	0.9023	0.9583	0.9863
7	decode	1536	0.1367	0.7357	0.8411	0.8978	0.9323	0.9772	0.9980
8	decode	1536	0.1237	0.5951	0.7552	0.8301	0.8835	0.9518	0.9818
9	decode	1536	0.0599	0.5039	0.6712	0.7734	0.8470	0.9336	0.9720
10	decode	1536	0.0456	0.3867	0.5833	0.7148	0.8079	0.9108	0.9577
11	decode	1536	0.0768	0.5195	0.7012	0.8034	0.8659	0.9460	0.9837
12	decode	1536	0.1133	0.5742	0.7350	0.8151	0.8717	0.9401	0.9798
13	decode	1536	0.0514	0.3861	0.5475	0.6569	0.7350	0.8470	0.9212
14	decode	1536	0.1465	0.5397	0.7109	0.8105	0.8750	0.9460	0.9792
15	decode	1536	0.1309	0.5111	0.6680	0.7624	0.8320	0.9134	0.9603
16	decode	1536	0.0658	0.4831	0.6556	0.7604	0.8411	0.9342	0.9766
17	decode	1536	0.0749	0.4993	0.6673	0.7741	0.8418	0.9277	0.9727
18	decode	1536	0.0645	0.5326	0.7298	0.8314	0.8880	0.9531	0.9824
19	decode	1536	0.0612	0.3978	0.5527	0.6484	0.7279	0.8366	0.9036
20	decode	1536	0.1315	0.6198	0.7878	0.8698	0.9258	0.9753	0.9961
21	decode	1536	0.1074	0.6283	0.7637	0.8385	0.8848	0.9447	0.9759
22	decode	1536	0.0742	0.5540	0.7253	0.8197	0.8757	0.9460	0.9785
23	decode	1536	0.0957	0.4271	0.5911	0.6966	0.7734	0.8822	0.9401
24	decode	1536	0.0898	0.6263	0.7695	0.8503	0.9069	0.9681	0.9909
25	decode	1536	0.1419	0.6536	0.7852	0.8535	0.8984	0.9538	0.9811
26	decode	1536	0.0866	0.6159	0.7415	0.8132	0.8626	0.9329	0.9714
27	decode	1536	0.0723	0.4818	0.6367	0.7279	0.7949	0.8841	0.9414
28	decode	1536	0.0859	0.5417	0.6784	0.7715	0.8366	0.9108	0.9564
29	decode	1536	0.1126	0.5632	0.7109	0.7923	0.8503	0.9206	0.9648
30	decode	1536	0.0684	0.4486	0.6003	0.7057	0.7852	0.8835	0.9466
31	decode	1536	0.0729	0.5671	0.7116	0.7975	0.8548	0.9329	0.9746
32	decode	1536	0.0911	0.5553	0.6882	0.7643	0.8249	0.9128	0.9616
33	decode	1536	0.0638	0.4642	0.6432	0.7507	0.8229	0.9173	0.9681
34	decode	1536	0.0898	0.5332	0.6803	0.7754	0.8424	0.9284	0.9714
35	decode	1536	0.1035	0.5690	0.7070	0.7956	0.8574	0.9368	0.9746
36	decode	1536	0.1283	0.5404	0.6875	0.7747	0.8353	0.9199	0.9714
37	decode	1536	0.1074	0.5618	0.7025	0.7852	0.8503	0.9323	0.9720
38	decode	1536	0.1107	0.5547	0.6862	0.7715	0.8372	0.9245	0.9720
39	decode	1536	0.1087	0.5078	0.6517	0.7513	0.8249	0.9173	0.9655
